{
  "final_loss": 0.9175484776496887,
  "mode_distances": {
    "w=1.0": [
      0.02624531462788582,
      0.024646678939461708,
      0.011249326169490814
    ],
    "w=2.0": [
      0.22099928557872772,
      0.1822114884853363,
      0.18061710894107819
    ],
    "w=4.0": [
      0.5138013362884521,
      0.35987457633018494,
      0.5127080678939819
    ]
  }
}